Date,Close,Volume
18/05/2012,38.2,573576400
21/05/2012,34.0,168192700
22/05/2012,31.0,101786600
23/05/2012,32.0,73600000
24/05/2012,33.0,50237200
25/05/2012,31.9,37149800
29/05/2012,28.8,78063400
30/05/2012,28.2,57267900
31/05/2012,29.6,111639200
01/06/2012,27.7,41855500
04/06/2012,26.9,35230300
05/06/2012,25.9,42473400
06/06/2012,26.8,61489200
07/06/2012,26.3,26159500
08/06/2012,27.1,38034000
11/06/2012,27.0,28219600
12/06/2012,27.4,15816800
13/06/2012,27.3,17102800
14/06/2012,28.3,16855000
15/06/2012,30.0,43563800
18/06/2012,31.4,42978900
19/06/2012,31.9,30849000
20/06/2012,31.6,15553600
21/06/2012,31.8,21875300
22/06/2012,33.0,74834000
25/06/2012,32.1,24352900
26/06/2012,33.1,24858700
27/06/2012,32.2,28568000
28/06/2012,31.4,17713300
29/06/2012,31.1,19526900
02/07/2012,30.8,14122000
03/07/2012,31.2,8763600
05/07/2012,31.5,10032100
06/07/2012,31.7,10945600
09/07/2012,32.2,17785200
10/07/2012,31.5,14269500
11/07/2012,31.0,13030300
12/07/2012,30.8,11300700
13/07/2012,30.7,8108300
16/07/2012,28.3,24672100
17/07/2012,28.1,30438600
18/07/2012,29.1,16841800
19/07/2012,29.0,13685100
20/07/2012,28.8,11869100
23/07/2012,28.8,12390700
24/07/2012,28.5,11539800
25/07/2012,29.3,17230200
26/07/2012,26.9,64597400
27/07/2012,23.7,123102300
30/07/2012,23.2,29285900
31/07/2012,21.7,56179400
01/08/2012,20.9,44604400
02/08/2012,20.0,56374500
03/08/2012,21.1,80647000
06/08/2012,21.9,27778900
07/08/2012,20.7,36782900
08/08/2012,20.7,29537400
09/08/2012,21.0,15610700
10/08/2012,21.8,25794700
13/08/2012,21.6,24973100
14/08/2012,20.4,39308800
15/08/2012,21.2,47861100
16/08/2012,19.9,157565300
17/08/2012,19.0,129293400
20/08/2012,20.0,101186600
21/08/2012,19.2,70640600
22/08/2012,19.4,49892200
23/08/2012,19.4,32813700
24/08/2012,19.4,29622200
27/08/2012,19.2,20704000
28/08/2012,19.3,25417000
29/08/2012,19.1,16124700
30/08/2012,19.1,30647500
31/08/2012,18.1,58764200
04/09/2012,17.7,46622400
05/09/2012,18.6,60781800
06/09/2012,19.0,46066500
07/09/2012,19.0,36371700
10/09/2012,18.8,24797800
11/09/2012,19.4,50508200
12/09/2012,20.9,121584000
13/09/2012,20.7,65041600
14/09/2012,22.0,72819800
17/09/2012,21.5,50667600
18/09/2012,21.9,36760500
19/09/2012,23.3,78782800
20/09/2012,22.6,57248900
21/09/2012,22.9,51218100
24/09/2012,20.8,79106500
25/09/2012,20.3,46291700
26/09/2012,20.6,38271900
27/09/2012,20.3,30215900
28/09/2012,21.7,65486000
01/10/2012,22.0,51262700
02/10/2012,22.3,29341400
03/10/2012,21.8,32000100
04/10/2012,22.0,46892100
05/10/2012,20.9,40529300
08/10/2012,20.4,32236700
09/10/2012,20.2,27161800
10/10/2012,19.6,39321800
11/10/2012,19.8,21817300
12/10/2012,19.5,18809400
15/10/2012,19.5,20189700
16/10/2012,19.5,21834700
17/10/2012,19.9,44074500
18/10/2012,19.0,52157400
19/10/2012,19.0,34835000
22/10/2012,19.3,32447300
23/10/2012,19.5,78381200
24/10/2012,23.2,228949900
25/10/2012,22.6,76142000
26/10/2012,21.9,73175800
31/10/2012,21.1,99378200
01/11/2012,21.2,37713900
02/11/2012,21.2,38344400
05/11/2012,21.3,31806700
06/11/2012,21.2,29062700
07/11/2012,20.5,33396800
08/11/2012,20.0,34254600
09/11/2012,19.2,42295500
12/11/2012,20.1,67349200
13/11/2012,19.9,71775100
14/11/2012,22.4,229751000
15/11/2012,22.2,78857700
16/11/2012,23.6,107182200
19/11/2012,22.9,85021300
20/11/2012,23.1,46655300
21/11/2012,24.3,89862400
23/11/2012,24.0,29520900
26/11/2012,25.9,123865000
27/11/2012,26.2,85760600
28/11/2012,26.4,49205600
29/11/2012,27.3,88759700
30/11/2012,28.0,127049600
03/12/2012,27.0,123526100
04/12/2012,27.5,72869200
05/12/2012,27.7,58976300
06/12/2012,27.0,46001500
07/12/2012,27.5,51751900
10/12/2012,27.8,50608500
11/12/2012,28.0,77099100
12/12/2012,27.6,46704200
13/12/2012,28.2,81051600
14/12/2012,26.8,91631600
17/12/2012,26.8,57742500
18/12/2012,27.7,60512900
19/12/2012,27.4,61390300
20/12/2012,27.4,35574800
21/12/2012,26.3,54555200
24/12/2012,26.9,28230100
26/12/2012,26.5,33175400
27/12/2012,26.0,43481700
28/12/2012,25.9,56574800
31/12/2012,26.6,60374500
02/01/2013,28.0,69846400
03/01/2013,27.8,63140600
04/01/2013,28.8,72715400
07/01/2013,29.4,83781800
08/01/2013,29.1,45871300
09/01/2013,30.6,104787700
10/01/2013,31.3,95316400
11/01/2013,31.7,89598000
14/01/2013,31.0,98892800
15/01/2013,30.1,173242600
16/01/2013,29.9,75332700
17/01/2013,30.1,40256700
18/01/2013,29.7,49631500
22/01/2013,30.7,55243300
23/01/2013,30.8,48899800
24/01/2013,31.1,43845100
25/01/2013,31.5,54363600
28/01/2013,32.5,59682500
29/01/2013,30.8,72976500
30/01/2013,31.2,87682100
31/01/2013,31.0,190744900
01/02/2013,29.7,85856700
04/02/2013,28.1,92362200
05/02/2013,28.6,47948200
06/02/2013,29.0,38375900
07/02/2013,28.7,34540100
08/02/2013,28.5,37708800
11/02/2013,28.3,37361800
12/02/2013,27.4,93498700
13/02/2013,27.9,50164000
14/02/2013,28.5,35615800
15/02/2013,28.3,33109300
19/02/2013,28.9,49396400
20/02/2013,28.5,42098200
21/02/2013,27.3,49642300
22/02/2013,27.1,36350200
25/02/2013,27.3,34652000
26/02/2013,27.4,31611700
27/02/2013,26.9,44319700
28/02/2013,27.3,83027800
01/03/2013,27.8,54064800
04/03/2013,27.7,32400700
05/03/2013,27.5,40622200
06/03/2013,27.5,33532600
07/03/2013,28.6,74540200
08/03/2013,28.0,44198900
11/03/2013,28.1,35642100
12/03/2013,27.8,27569600
13/03/2013,27.1,39619500
14/03/2013,27.0,27646400
15/03/2013,26.7,31597400
18/03/2013,26.5,26653700
19/03/2013,26.5,25254200
20/03/2013,25.9,44006500
21/03/2013,25.7,24336100
22/03/2013,25.7,18456300
25/03/2013,25.1,39199000
26/03/2013,25.2,26957200
27/03/2013,26.1,52297400
28/03/2013,25.6,28585700
01/04/2013,25.5,22249300
02/04/2013,25.4,35153300
03/04/2013,26.3,48195200
04/04/2013,27.1,82016800
05/04/2013,27.4,64566600
08/04/2013,26.9,27256000
09/04/2013,26.6,21311100
10/04/2013,27.6,45949400
11/04/2013,28.0,33368500
12/04/2013,27.4,28697400
15/04/2013,26.5,30275400
16/04/2013,26.9,27365900
17/04/2013,26.6,26440600
18/04/2013,25.7,39059000
19/04/2013,25.7,20380900
22/04/2013,26.0,25687600
23/04/2013,26.0,25191500
24/04/2013,26.1,19729900
25/04/2013,26.1,17150000
26/04/2013,26.9,33018000
29/04/2013,27.0,29201100
30/04/2013,27.8,36245700
01/05/2013,27.4,64567600
02/05/2013,29.0,104257000
03/05/2013,28.3,58506400
06/05/2013,27.6,43939400
07/05/2013,26.9,41259100
08/05/2013,27.1,34654900
09/05/2013,27.0,33457200
10/05/2013,26.7,30847100
13/05/2013,26.8,29068800
14/05/2013,27.1,24930300
15/05/2013,26.6,30299800
16/05/2013,26.1,35499100
17/05/2013,26.3,29462700
20/05/2013,25.8,42402900
21/05/2013,25.7,26261300
22/05/2013,25.2,45314500
23/05/2013,25.1,37663100
24/05/2013,24.3,58727900
28/05/2013,24.1,50079700
29/05/2013,23.3,64237800
30/05/2013,24.5,60733200
31/05/2013,24.4,35925000
03/06/2013,23.9,35733800
04/06/2013,23.5,34760800
05/06/2013,22.9,53819700
06/06/2013,23.0,31260700
07/06/2013,23.3,38699200
10/06/2013,24.3,58393000
11/06/2013,24.0,29885900
12/06/2013,23.8,26445800
13/06/2013,23.7,31189300
14/06/2013,23.6,30677100
17/06/2013,24.0,33664500
18/06/2013,24.2,36709100
19/06/2013,24.3,31790600
20/06/2013,23.9,42765600
21/06/2013,24.5,45833900
24/06/2013,23.9,40626000
25/06/2013,24.3,24713200
26/06/2013,24.2,29890300
27/06/2013,24.7,34694100
28/06/2013,24.9,96778900
01/07/2013,24.8,20582200
02/07/2013,24.4,18394100
03/07/2013,24.5,10404400
05/07/2013,24.4,20229500
08/07/2013,24.7,27064600
09/07/2013,25.5,30387900
10/07/2013,25.8,26721800
11/07/2013,25.8,26777400
12/07/2013,25.9,16537900
15/07/2013,26.3,24234000
16/07/2013,26.3,30817600
17/07/2013,26.7,21518500
18/07/2013,26.2,24806900
19/07/2013,25.9,46539700
22/07/2013,26.0,27526300
23/07/2013,26.1,28221600
24/07/2013,26.5,82635600
25/07/2013,34.4,365457900
26/07/2013,34.0,136028900
29/07/2013,35.4,124718800
30/07/2013,37.6,173582800
31/07/2013,36.8,154828700
01/08/2013,37.5,106066500
02/08/2013,38.0,73058500
05/08/2013,39.2,79994800
06/08/2013,38.5,63950800
07/08/2013,38.9,68854800
08/08/2013,38.5,41301000
09/08/2013,38.5,43532300
12/08/2013,38.2,31161000
13/08/2013,37.0,65379200
14/08/2013,36.7,48423900
15/08/2013,36.6,56521100
16/08/2013,37.1,45840800
19/08/2013,37.8,57609600
20/08/2013,38.4,57995200
21/08/2013,38.3,46116900
22/08/2013,38.5,21931200
23/08/2013,40.5,86442300
26/08/2013,41.3,94162400
27/08/2013,39.6,72695100
28/08/2013,40.5,57918200
29/08/2013,41.3,58303400
30/08/2013,41.3,67735100
03/09/2013,41.9,48774900
04/09/2013,41.8,42581900
05/09/2013,42.7,50035400
06/09/2013,44.0,117535700
09/09/2013,44.0,75794700
10/09/2013,43.6,54540300
11/09/2013,45.0,72328300
12/09/2013,44.8,68072300
13/09/2013,44.3,52765300
16/09/2013,42.5,70424200
17/09/2013,45.1,91934600
18/09/2013,45.2,79317000
19/09/2013,46.0,63972400
20/09/2013,47.5,115508400
23/09/2013,47.2,75177000
24/09/2013,48.5,136716100
25/09/2013,49.5,87879700
26/09/2013,50.4,98220100
27/09/2013,51.2,81410500
30/09/2013,50.2,100095000
01/10/2013,50.4,98114000
02/10/2013,50.3,62834000
03/10/2013,49.2,82045000
04/10/2013,51.0,74447000
07/10/2013,50.5,57204000
08/10/2013,47.1,136081000
09/10/2013,46.8,147297000
10/10/2013,49.0,99774000
11/10/2013,49.1,58428000
14/10/2013,49.5,68781000
15/10/2013,49.5,81167000
16/10/2013,51.1,64678000
17/10/2013,52.2,71522000
18/10/2013,54.2,88260000
21/10/2013,53.8,58235000
22/10/2013,52.7,83204000
23/10/2013,51.9,57207000
24/10/2013,52.5,46775000
25/10/2013,52.0,45085000
28/10/2013,50.2,73472000
29/10/2013,49.4,102143000
30/10/2013,49.0,127073000
31/10/2013,50.2,248809000
01/11/2013,49.8,95033000
04/11/2013,48.2,80371000
05/11/2013,50.1,76835000
06/11/2013,49.1,67889000
07/11/2013,47.6,97128000
08/11/2013,47.5,70731000
11/11/2013,46.2,80910000
12/11/2013,46.6,68196000
13/11/2013,48.7,79245000
14/11/2013,49.0,75117000
15/11/2013,49.0,42453000
18/11/2013,45.8,85910000
19/11/2013,46.4,75602000
20/11/2013,46.4,53933000
21/11/2013,46.7,34886000
22/11/2013,46.2,40545000
25/11/2013,44.8,82565000
26/11/2013,45.9,82016000
27/11/2013,46.5,44993000
29/11/2013,47.0,22953900
02/12/2013,47.1,50774000
03/12/2013,46.7,32086000
04/12/2013,48.6,60890000
05/12/2013,48.3,43855000
06/12/2013,47.9,42938000
09/12/2013,48.8,36056000
10/12/2013,50.3,68479000
11/12/2013,49.4,65776000
12/12/2013,51.8,92723000
13/12/2013,53.3,82641000
16/12/2013,53.8,85119000
17/12/2013,54.9,78751000
18/12/2013,55.6,76003000
19/12/2013,55.0,89753200
20/12/2013,55.1,239824000
23/12/2013,57.8,98297000
24/12/2013,58.0,46617800
26/12/2013,57.7,55101000
27/12/2013,55.4,60466000
30/12/2013,53.7,68307000
31/12/2013,54.7,43076200
02/01/2014,54.7,43195500
03/01/2014,54.6,38246200
06/01/2014,57.2,68852600
07/01/2014,57.9,77207400
08/01/2014,58.2,56682400
09/01/2014,57.2,92253300
10/01/2014,57.9,42449500
13/01/2014,55.9,63010900
14/01/2014,57.7,37503600
15/01/2014,57.6,33663400
16/01/2014,57.2,34541800
17/01/2014,56.3,40849200
21/01/2014,58.5,48669200
22/01/2014,57.5,61352900
23/01/2014,56.6,47951800
24/01/2014,54.5,55200700
27/01/2014,53.5,73924100
28/01/2014,55.1,48191200
29/01/2014,53.5,92995600
30/01/2014,61.1,150178900
31/01/2014,62.6,87794600
03/02/2014,61.5,74866600
04/02/2014,62.8,45985500
05/02/2014,62.2,51685100
06/02/2014,62.2,42086500
07/02/2014,64.3,60704300
10/02/2014,63.5,43666100
11/02/2014,64.8,45675600
12/02/2014,64.4,47282100
13/02/2014,67.3,61911700
14/02/2014,67.1,36694900
18/02/2014,67.3,43809900
19/02/2014,68.1,62087100
20/02/2014,69.6,130928900
21/02/2014,68.6,70932400
24/02/2014,70.8,76620300
25/02/2014,69.8,52077000
26/02/2014,69.3,55322700
27/02/2014,68.9,41653700
28/02/2014,68.5,66783700
03/03/2014,67.4,56824100
04/03/2014,68.8,42013500
05/03/2014,71.6,74567700
06/03/2014,70.8,46026500
07/03/2014,69.8,38927000
10/03/2014,72.0,59871600
11/03/2014,70.1,59408300
12/03/2014,70.9,46340500
13/03/2014,68.8,57091000
14/03/2014,67.7,48227000
17/03/2014,68.7,52197000
18/03/2014,69.2,40827000
19/03/2014,68.2,43981000
20/03/2014,67.0,44439000
21/03/2014,67.2,59999900
24/03/2014,64.1,85696000
25/03/2014,64.9,68786000
26/03/2014,60.4,97503900
27/03/2014,61.0,112650000
28/03/2014,60.0,67052000
31/03/2014,60.2,53011000
01/04/2014,62.6,59291000
02/04/2014,62.7,66277000
03/04/2014,59.5,83859000
04/04/2014,56.8,125214400
07/04/2014,57.0,108488000
08/04/2014,58.2,78836000
09/04/2014,62.4,100215000
10/04/2014,59.2,114988000
11/04/2014,58.5,91452000
14/04/2014,58.9,72325000
15/04/2014,59.1,108623000
16/04/2014,59.7,78774000
17/04/2014,58.9,88040000
21/04/2014,61.2,60364000
22/04/2014,63.0,60631000
23/04/2014,61.4,95908700
24/04/2014,60.9,138769000
25/04/2014,57.7,92502000
28/04/2014,56.1,107758000
29/04/2014,58.2,75557000
30/04/2014,59.8,76093000
01/05/2014,61.2,82429000
02/05/2014,60.5,54189000
05/05/2014,61.2,46057000
06/05/2014,58.5,55901000
07/05/2014,57.4,78587000
08/05/2014,56.8,61251000
09/05/2014,57.2,52584000
12/05/2014,59.8,48575000
13/05/2014,59.8,48525000
14/05/2014,59.2,47429000
15/05/2014,57.9,56814000
16/05/2014,58.0,47933000
19/05/2014,59.2,43034000
20/05/2014,58.6,53931000
21/05/2014,60.5,58992000
22/05/2014,60.5,54200000
23/05/2014,61.3,38294000
27/05/2014,63.5,55682000
28/05/2014,63.5,47795000
29/05/2014,63.8,42700000
30/05/2014,63.3,45253500
02/06/2014,63.1,35996000
03/06/2014,62.9,32217000
04/06/2014,63.3,36514000
05/06/2014,63.2,47352000
06/06/2014,62.5,42442000
09/06/2014,62.9,37617000
10/06/2014,65.8,69338000
11/06/2014,65.8,44242000
12/06/2014,64.3,55730000
13/06/2014,64.5,29419000
16/06/2014,64.2,31046000
17/06/2014,64.4,27715000
18/06/2014,65.6,35570000
19/06/2014,64.3,34245000
20/06/2014,64.5,46466000
23/06/2014,65.4,34560000
24/06/2014,65.7,57335000
25/06/2014,67.4,44308000
26/06/2014,67.1,47714000
27/06/2014,67.6,46461000
30/06/2014,67.3,27102800
01/07/2014,68.1,33243000
02/07/2014,66.4,41895000
03/07/2014,66.3,25203200
07/07/2014,65.3,28745000
08/07/2014,62.8,68926000
09/07/2014,65.0,51432000
10/07/2014,64.9,44422000
11/07/2014,66.3,39212000
14/07/2014,67.9,38537000
15/07/2014,67.2,44213200
16/07/2014,67.7,29541600
17/07/2014,66.4,38188000
18/07/2014,68.4,42456000
21/07/2014,69.4,49539000
22/07/2014,69.3,40398000
23/07/2014,71.3,78435000
24/07/2014,75.0,124168000
25/07/2014,75.2,45917000
28/07/2014,74.9,41725000
29/07/2014,73.7,41324000
30/07/2014,74.7,36853000
31/07/2014,72.7,43992000
01/08/2014,72.4,43535000
04/08/2014,73.5,30777000
05/08/2014,72.7,34986000
06/08/2014,72.5,30986000
07/08/2014,73.2,38141000
08/08/2014,73.1,27202000
11/08/2014,73.4,24591000
12/08/2014,72.8,27419000
13/08/2014,73.8,29266000
14/08/2014,74.3,22207000
15/08/2014,73.6,38846600
18/08/2014,74.6,23974000
19/08/2014,75.3,26679000
20/08/2014,74.8,22917000
21/08/2014,74.6,20102000
22/08/2014,74.6,20897000
25/08/2014,75.0,19734000
26/08/2014,76.0,23993000
27/08/2014,74.6,36323000
28/08/2014,73.9,21947000
29/08/2014,74.8,26241000
02/09/2014,76.7,34979000
03/09/2014,75.8,32389000
04/09/2014,75.9,26676000
05/09/2014,77.3,29476000
08/09/2014,77.9,28183000
09/09/2014,76.7,28882000
10/09/2014,77.4,29909000
11/09/2014,77.9,32219000
12/09/2014,77.5,26676800
15/09/2014,74.6,49679000
16/09/2014,76.1,37742000
17/09/2014,76.4,28693000
18/09/2014,77.0,23031000
19/09/2014,77.9,76671000
22/09/2014,76.8,31961000
23/09/2014,78.3,36814000
24/09/2014,78.5,30680000
25/09/2014,77.2,37533000
26/09/2014,78.8,28872000
29/09/2014,79.0,34031000
30/09/2014,79.0,35899000
01/10/2014,76.6,55090000
02/10/2014,77.1,36488000
03/10/2014,77.4,23340000
06/10/2014,77.6,25729000
07/10/2014,76.3,25317000
08/10/2014,77.5,32976000
09/10/2014,75.9,32487000
10/10/2014,72.9,52146000
13/10/2014,73.0,43938000
14/10/2014,73.6,50299000
15/10/2014,73.2,61528000
16/10/2014,72.6,53529000
17/10/2014,75.9,76342000
20/10/2014,76.9,34701000
21/10/2014,78.7,32252000
22/10/2014,78.4,41862000
23/10/2014,80.0,35056000
24/10/2014,80.7,32248000
27/10/2014,80.3,30169000
28/10/2014,80.8,74212000
29/10/2014,75.9,106120000
30/10/2014,74.1,83270000
31/10/2014,75.0,44544000
03/11/2014,73.9,40727000
04/11/2014,75.8,39326000
05/11/2014,74.8,35913000
06/11/2014,75.3,21383000
07/11/2014,75.6,20774000
10/11/2014,75.0,21575100
11/11/2014,74.6,18715700
12/11/2014,74.7,26536600
13/11/2014,74.3,26448500
14/11/2014,74.9,19476900
17/11/2014,74.2,28701200
18/11/2014,74.3,20690500
19/11/2014,73.3,25441200
20/11/2014,73.6,19154900
21/11/2014,73.8,23060400
24/11/2014,74.0,22103800
25/11/2014,75.6,32250200
26/11/2014,77.6,32695300
28/11/2014,77.7,15992000
01/12/2014,75.1,31789900
02/12/2014,75.5,16773900
03/12/2014,74.9,16689900
04/12/2014,75.2,14362800
05/12/2014,76.4,24306400
08/12/2014,76.5,25733900
09/12/2014,76.8,25358600
10/12/2014,76.2,32210500
11/12/2014,77.7,33462100
12/12/2014,77.8,28091600
15/12/2014,77.0,29396500
16/12/2014,74.7,31554600
17/12/2014,76.1,29203900
18/12/2014,78.4,34222100
19/12/2014,79.9,43335000
22/12/2014,81.4,31395800
23/12/2014,80.6,19865800
24/12/2014,80.8,7685500
26/12/2014,80.8,10647400
29/12/2014,80.0,14134700
30/12/2014,79.2,14370800
31/12/2014,78.0,19935400
02/01/2015,78.4,18177500
05/01/2015,77.2,26452200
06/01/2015,76.2,27399300
07/01/2015,76.2,22045300
08/01/2015,78.2,23961000
09/01/2015,77.7,21157000
12/01/2015,76.7,19190200
13/01/2015,76.4,25179600
14/01/2015,76.3,25918600
15/01/2015,74.1,34134000
16/01/2015,75.2,21791500
20/01/2015,76.2,22821600
21/01/2015,76.7,25096700
22/01/2015,77.7,19519500
23/01/2015,77.8,16746500
26/01/2015,77.5,19260800
27/01/2015,75.8,20110000
28/01/2015,76.2,53306400
29/01/2015,78.0,61293500
30/01/2015,75.9,42649500
02/02/2015,75.0,41955300
03/02/2015,75.4,26957700
04/02/2015,75.6,20277400
05/02/2015,75.6,15062600
06/02/2015,74.5,21211000
09/02/2015,74.4,16194300
10/02/2015,75.2,15811300
11/02/2015,76.5,20877400
12/02/2015,76.2,17235000
13/02/2015,75.7,18621900
17/02/2015,75.6,25254400
18/02/2015,76.7,22426400
19/02/2015,79.4,45851200
20/02/2015,79.9,36931700
23/02/2015,78.8,24139100
24/02/2015,78.4,18897100
25/02/2015,79.6,25593800
26/02/2015,80.4,31111900
27/02/2015,79.0,30739200
02/03/2015,79.8,21662500
03/03/2015,79.6,18635000
04/03/2015,80.9,28126700
05/03/2015,81.2,27825700
06/03/2015,80.0,24488600
09/03/2015,79.4,18925100
10/03/2015,77.6,23067100
11/03/2015,77.6,20215700
12/03/2015,78.9,16093300
13/03/2015,78.1,18557300
16/03/2015,78.1,19305400
17/03/2015,79.4,22170000
18/03/2015,80.9,36912400
19/03/2015,82.8,42099500
20/03/2015,83.8,44466300
23/03/2015,84.4,27357300
24/03/2015,85.3,32576500
25/03/2015,82.9,37436100
26/03/2015,83.0,32794800
27/03/2015,83.3,18372600
30/03/2015,83.2,24527700
31/03/2015,82.2,19734300
01/04/2015,81.7,22058200
02/04/2015,81.6,19664100
06/04/2015,82.4,19062900
07/04/2015,82.3,17467000
08/04/2015,82.3,18966700
09/04/2015,82.2,15927300
10/04/2015,82.0,12529700
13/04/2015,83.0,26883100
14/04/2015,83.5,19634200
15/04/2015,82.7,22390900
16/04/2015,82.3,13769700
17/04/2015,80.8,24215000
20/04/2015,83.1,28796800
21/04/2015,83.6,27171900
22/04/2015,84.6,45548000
23/04/2015,82.4,73728100
24/04/2015,81.5,29660400
27/04/2015,81.9,25446000
28/04/2015,80.7,23775300
29/04/2015,80.5,26430300
30/04/2015,78.8,28999000
01/05/2015,79.0,24136400
04/05/2015,78.8,14692000
05/05/2015,77.6,22311300
06/05/2015,78.1,28663000
07/05/2015,78.4,19749400
08/05/2015,78.5,19943600
11/05/2015,78.0,18874100
12/05/2015,77.5,21285300
13/05/2015,78.4,21512300
14/05/2015,81.4,49438000
15/05/2015,80.4,27069900
18/05/2015,80.9,21613700
19/05/2015,80.6,17955400
20/05/2015,80.6,23056900
21/05/2015,80.5,13402700
22/05/2015,80.5,19567900
26/05/2015,79.3,16321300
27/05/2015,80.6,14160900
28/05/2015,80.2,11982000
29/05/2015,79.2,16134600
01/06/2015,80.3,18119000
02/06/2015,80.4,18923300
03/06/2015,82.4,31775000
04/06/2015,82.1,20863900
05/06/2015,82.1,16143100
08/06/2015,80.7,16915500
09/06/2015,80.7,16497500
10/06/2015,82.2,21531200
11/06/2015,81.8,18656800
12/06/2015,81.5,11417900
15/06/2015,80.7,18805100
16/06/2015,81.1,13693700
17/06/2015,81.8,18350300
18/06/2015,82.9,26782600
19/06/2015,82.5,23353200
22/06/2015,84.7,29383100
23/06/2015,87.9,50667900
24/06/2015,88.9,41370200
25/06/2015,88.0,27302000
26/06/2015,88.0,38214600
29/06/2015,85.8,35957900
30/06/2015,85.8,23016500
01/07/2015,86.9,25260000
02/07/2015,87.3,16908800
06/07/2015,87.6,24635900
07/07/2015,87.2,33059900
08/07/2015,85.7,24399300
09/07/2015,85.9,23307400
10/07/2015,87.9,23245900
13/07/2015,90.1,29976700
14/07/2015,89.7,26627800
15/07/2015,89.8,30886600
16/07/2015,90.8,21804100
17/07/2015,95.0,54001600
20/07/2015,97.9,54860500
21/07/2015,98.4,39453300
22/07/2015,97.0,28299500
23/07/2015,95.4,29418800
24/07/2015,96.9,33444900
27/07/2015,94.2,38585400
28/07/2015,95.3,35236000
29/07/2015,97.0,64648300
30/07/2015,95.2,86211300
31/07/2015,94.0,46509000
03/08/2015,94.1,29343100
04/08/2015,94.1,20136000
05/08/2015,96.4,29813200
06/08/2015,95.1,42271300
07/08/2015,94.3,23199100
10/08/2015,94.2,21624200
11/08/2015,93.6,22491000
12/08/2015,94.2,27050500
13/08/2015,93.4,17451800
14/08/2015,94.4,15929700
17/08/2015,93.9,18313500
18/08/2015,95.2,22278800
19/08/2015,95.3,23251300
20/08/2015,90.6,44598200
21/08/2015,86.1,62778700
24/08/2015,82.1,83710700
25/08/2015,83.0,52021200
26/08/2015,87.2,45124300
27/08/2015,89.7,42431400
28/08/2015,91.0,33215900
31/08/2015,89.4,32850700
01/09/2015,87.2,36097400
02/09/2015,89.9,27190500
03/09/2015,88.2,27048200
04/09/2015,88.3,27328700
08/09/2015,89.5,27012500
09/09/2015,90.4,32551100
10/09/2015,92.0,26437400
11/09/2015,92.1,21185000
14/09/2015,92.3,20127900
15/09/2015,92.9,18859400
16/09/2015,93.4,16321200
17/09/2015,94.3,27841800
18/09/2015,94.4,62300000
21/09/2015,95.6,28790000
22/09/2015,93.0,36888900
23/09/2015,94.0,21701400
24/09/2015,94.4,29106000
25/09/2015,92.8,28961600
28/09/2015,89.2,41199900
29/09/2015,86.7,42281800
30/09/2015,89.9,36169100
01/10/2015,90.9,29283700
02/10/2015,92.1,37881700
05/10/2015,94.0,27292500
06/10/2015,92.8,22172800
07/10/2015,92.4,24129300
08/10/2015,92.5,27290500
09/10/2015,93.2,20012900
12/10/2015,94.3,18449600
13/10/2015,94.1,19480300
14/10/2015,94.1,19253400
15/10/2015,96.0,27557500
16/10/2015,97.5,25412900
19/10/2015,98.5,23729900
20/10/2015,97.0,30881800
21/10/2015,97.1,21917800
22/10/2015,99.7,26392100
23/10/2015,102.2,42809700
26/10/2015,103.8,25961200
27/10/2015,103.7,23795500
28/10/2015,104.2,24081500
29/10/2015,104.9,20316700
30/10/2015,102.0,33487100
02/11/2015,103.3,24003900
03/11/2015,102.6,21242300
04/11/2015,103.9,43469300
05/11/2015,108.8,63232900
06/11/2015,107.1,35084300
09/11/2015,106.5,26383500
10/11/2015,107.9,25031700
11/11/2015,109.0,25057100
12/11/2015,108.0,20924700
13/11/2015,103.9,30278400
16/11/2015,104.0,49309200
17/11/2015,105.1,26807200
18/11/2015,107.8,23836500
19/11/2015,106.3,25520600
20/11/2015,107.3,22129600
23/11/2015,106.9,19897200
24/11/2015,105.7,23577300
25/11/2015,105.4,15150800
27/11/2015,105.4,5913100
30/11/2015,104.2,20383200
01/12/2015,107.1,22781900
02/12/2015,106.1,24429100
03/12/2015,104.4,23236500
04/12/2015,106.2,21224700
07/12/2015,105.6,15474900
08/12/2015,106.5,20401800
09/12/2015,104.6,23517300
10/12/2015,105.4,17454300
11/12/2015,102.1,26427700
14/12/2015,104.7,24648100
15/12/2015,104.6,21764300
16/12/2015,106.8,22680500
17/12/2015,106.2,21675700
18/12/2015,104.0,35994200
21/12/2015,104.8,16138800
22/12/2015,105.5,14597100
23/12/2015,104.6,19599700
24/12/2015,105.0,6501800
28/12/2015,105.9,13069700
29/12/2015,107.3,17179900
30/12/2015,106.2,13115000
31/12/2015,104.7,18391100
04/01/2016,102.2,37912400
05/01/2016,102.7,23258200
06/01/2016,103.0,25096200
07/01/2016,97.9,45172900
08/01/2016,97.3,35402300
11/01/2016,97.5,29932400
12/01/2016,99.4,28395400
13/01/2016,95.4,33410600
14/01/2016,98.4,48658600
15/01/2016,95.0,46132800
19/01/2016,95.3,30998300
20/01/2016,94.3,59051400
21/01/2016,94.2,30518900
22/01/2016,97.9,30495400
25/01/2016,97.0,32482000
26/01/2016,97.3,26877100
27/01/2016,94.4,58699400
28/01/2016,109.1,107475300
29/01/2016,112.2,62739500
01/02/2016,115.1,46132700
02/02/2016,114.6,59778600
03/02/2016,112.7,56919300
04/02/2016,110.5,38890200
05/02/2016,104.1,76894700
08/02/2016,99.8,71229700
09/02/2016,99.5,62709000
10/02/2016,101.0,45179400
11/02/2016,101.9,43670600
12/02/2016,102.0,36176800
16/02/2016,101.6,45687200
17/02/2016,105.2,44073400
18/02/2016,103.5,29593500
19/02/2016,104.6,32404500
22/02/2016,107.2,35709700
23/02/2016,105.5,25319300
24/02/2016,106.9,34412400
25/02/2016,108.1,29906300
26/02/2016,107.9,26686200
29/02/2016,106.9,32779000
01/03/2016,109.8,26817300
02/03/2016,109.9,25670200
03/03/2016,109.6,21353100
04/03/2016,108.4,24938900
07/03/2016,105.7,31436400
08/03/2016,105.9,25617000
09/03/2016,107.5,20493300
10/03/2016,107.3,24854300
11/03/2016,109.4,20697600
14/03/2016,109.9,17249400
15/03/2016,110.7,17618500
16/03/2016,112.2,24744800
17/03/2016,111.0,24241200
18/03/2016,111.4,36256900
21/03/2016,111.8,18448000
22/03/2016,112.3,19001100
23/03/2016,112.5,18562000
24/03/2016,113.1,17839100
28/03/2016,113.7,21351800
29/03/2016,116.1,29825300
30/03/2016,114.7,33235200
31/03/2016,114.1,21207500
01/04/2016,116.1,24760500
04/04/2016,112.6,48487900
05/04/2016,112.2,22962400
06/04/2016,113.7,20814600
07/04/2016,113.6,20714500
08/04/2016,110.6,48497800
11/04/2016,109.0,39762300
12/04/2016,110.6,26248100
13/04/2016,110.5,88227400
14/04/2016,110.8,28473300
15/04/2016,109.6,20922800
18/04/2016,110.4,21167200
19/04/2016,112.3,30210500
20/04/2016,112.4,21027900
21/04/2016,113.4,20875200
22/04/2016,110.6,38458200
25/04/2016,110.1,21017900
26/04/2016,108.8,22521500
27/04/2016,108.9,52213100
28/04/2016,116.7,87110100
29/04/2016,117.6,37140600
02/05/2016,118.6,28095200
03/05/2016,117.4,24117500
04/05/2016,118.1,23448400
05/05/2016,117.8,22056700
06/05/2016,119.5,26395600
09/05/2016,119.2,21138100
10/05/2016,120.5,23220000
11/05/2016,119.5,22038400
12/05/2016,120.3,22035500
13/05/2016,119.8,18124300
16/05/2016,118.7,31247800
17/05/2016,117.3,21328600
18/05/2016,117.7,21642300
19/05/2016,116.8,20544100
20/05/2016,117.3,18944800
23/05/2016,116.0,20441000
24/05/2016,117.7,20183600
25/05/2016,117.9,20019800
26/05/2016,119.5,18481300
27/05/2016,119.4,13493600
31/05/2016,118.8,23547600
01/06/2016,118.8,15029500
02/06/2016,118.9,13228300
03/06/2016,118.5,14135100
06/06/2016,118.8,12744700
07/06/2016,117.8,17103000
08/06/2016,118.4,14505600
09/06/2016,118.6,13859200
10/06/2016,116.6,18510800
13/06/2016,113.9,31718200
14/06/2016,114.9,17618500
15/06/2016,114.6,19819400
16/06/2016,114.4,19236300
17/06/2016,113.0,24644300
20/06/2016,113.4,20785400
21/06/2016,114.4,19166300
22/06/2016,113.9,14846300
23/06/2016,115.1,16176900
24/06/2016,112.1,40643100
27/06/2016,109.0,36130400
28/06/2016,112.7,26813800
29/06/2016,114.2,20968300
30/06/2016,114.3,23192700
01/07/2016,114.2,14980000
05/07/2016,114.2,14207000
06/07/2016,116.7,24337600
07/07/2016,115.8,16630200
08/07/2016,117.2,18142600
11/07/2016,117.9,17711600
12/07/2016,117.9,15217700
13/07/2016,116.8,16207700
14/07/2016,117.3,14579700
15/07/2016,116.9,16646000
18/07/2016,119.4,20868400
19/07/2016,120.6,21541300
20/07/2016,121.9,20046500
21/07/2016,120.6,17801700
22/07/2016,121.0,18422400
25/07/2016,121.6,18487400
26/07/2016,121.2,17612000
27/07/2016,123.3,52654200
28/07/2016,125.0,78955800
29/07/2016,123.9,35058800
01/08/2016,124.3,25006900
02/08/2016,123.1,23968400
03/08/2016,122.5,18525300
04/08/2016,124.4,21066000
05/08/2016,125.2,20184000
08/08/2016,125.3,15233900
09/08/2016,125.1,19621000
10/08/2016,124.9,10670100
11/08/2016,124.9,11729500
12/08/2016,124.9,12159000
15/08/2016,123.9,19295100
16/08/2016,123.3,14222400
17/08/2016,124.4,13794200
18/08/2016,123.9,12400800
19/08/2016,123.6,11688300
22/08/2016,124.2,14386400
23/08/2016,124.4,13309500
24/08/2016,123.5,12243700
25/08/2016,123.9,10730800
26/08/2016,125.0,17504800
29/08/2016,126.5,15925900
30/08/2016,125.8,17804300
31/08/2016,126.1,14200600
01/09/2016,126.2,13536100
02/09/2016,126.5,12118800
06/09/2016,129.7,26278400
07/09/2016,131.1,27990800
08/09/2016,130.3,15676600
09/09/2016,127.1,27100700
12/09/2016,128.7,21252800
13/09/2016,127.2,18016200
14/09/2016,127.8,15691100
15/09/2016,128.4,15077200
16/09/2016,129.1,24119200
19/09/2016,128.6,14958800
20/09/2016,128.6,11083800
21/09/2016,129.9,14068300
22/09/2016,130.1,15538300
23/09/2016,128.0,28326300
26/09/2016,127.3,15064900
27/09/2016,128.7,15637100
28/09/2016,129.2,12047600
29/09/2016,128.1,14532200
30/09/2016,128.3,18402900
03/10/2016,128.8,13156900
04/10/2016,128.2,14307500
05/10/2016,128.5,12386800
06/10/2016,128.7,11682700
07/10/2016,129.0,12804400
10/10/2016,130.2,15138700
11/10/2016,128.9,17537900
12/10/2016,129.1,11073000
13/10/2016,127.8,17139300
14/10/2016,127.9,13345300
17/10/2016,127.5,11351700
18/10/2016,128.6,13504000
19/10/2016,130.1,16752300
20/10/2016,130.0,13167500
21/10/2016,132.1,19088800
24/10/2016,133.3,17470200
25/10/2016,132.3,13336800
26/10/2016,131.0,13084700
27/10/2016,129.7,16741400
28/10/2016,131.3,24545500
31/10/2016,131.0,15669000
01/11/2016,129.5,22077800
02/11/2016,127.2,39640900
03/11/2016,120.0,63766300
04/11/2016,120.8,30545500
07/11/2016,122.2,23008900
08/11/2016,124.2,19460800
09/11/2016,123.2,31916000
10/11/2016,120.8,67846700
11/11/2016,119.0,32840100
14/11/2016,115.1,51377000
15/11/2016,117.2,34681400
16/11/2016,116.3,32397900
17/11/2016,117.8,18597800
18/11/2016,117.0,22879300
21/11/2016,121.8,35415400
22/11/2016,121.5,26089200
23/11/2016,120.8,15672100
25/11/2016,120.4,8658600
28/11/2016,120.4,18101300
29/11/2016,120.9,18891000
30/11/2016,118.4,30188900
01/12/2016,115.1,43277000
02/12/2016,115.4,25070400
05/12/2016,117.4,20201500
06/12/2016,117.3,19131200
07/12/2016,117.9,21913700
08/12/2016,118.9,22442800
09/12/2016,119.7,17464700
12/12/2016,117.8,17805500
13/12/2016,120.3,29768000
14/12/2016,120.2,25913100
15/12/2016,120.6,20139600
16/12/2016,119.9,25324300
19/12/2016,119.2,15918100
20/12/2016,119.1,13684400
21/12/2016,119.0,10767600
22/12/2016,117.4,16258600
23/12/2016,117.3,10890000
27/12/2016,118.0,12051500
28/12/2016,116.9,12087400
29/12/2016,116.3,9934900
30/12/2016,115.1,18684100
03/01/2017,116.9,20663900
04/01/2017,118.7,19630900
05/01/2017,120.7,19492200
06/01/2017,123.4,28545300
09/01/2017,124.9,22880400
10/01/2017,124.3,17324600
11/01/2017,126.1,18356500
12/01/2017,126.6,18653900
13/01/2017,128.3,24884300
17/01/2017,127.9,15294500
18/01/2017,127.9,13145900
19/01/2017,127.6,12195500
20/01/2017,127.0,19097200
23/01/2017,128.9,16593600
24/01/2017,129.4,15162700
25/01/2017,131.5,18731300
26/01/2017,132.8,20020100
27/01/2017,132.2,19539500
30/01/2017,131.0,18956100
31/01/2017,130.3,19790500
01/02/2017,133.2,50139800
02/02/2017,130.8,54366400
03/02/2017,131.0,24804900
06/02/2017,132.1,17058500
07/02/2017,131.8,14596400
08/02/2017,134.2,22390600
09/02/2017,134.1,16470600
10/02/2017,134.2,15061900
13/02/2017,134.1,13526200
14/02/2017,133.9,14364900
15/02/2017,133.4,13226500
16/02/2017,133.8,12831100
17/02/2017,133.5,12276500
21/02/2017,133.7,14759100
22/02/2017,136.1,27360100
23/02/2017,135.4,18422500
24/02/2017,135.4,12625700
27/02/2017,136.4,14306700
28/02/2017,135.5,16112100
01/03/2017,137.4,16257000
02/03/2017,136.8,12294800
03/03/2017,137.2,11160600
06/03/2017,137.4,12748200
07/03/2017,137.3,13527100
08/03/2017,137.7,10184500
09/03/2017,138.2,15535300
10/03/2017,138.8,16314100
13/03/2017,139.6,10955500
14/03/2017,139.3,12944000
15/03/2017,139.7,19344800
16/03/2017,140.0,13612900
17/03/2017,139.8,20592800
20/03/2017,139.9,12099500
21/03/2017,138.5,29894800
22/03/2017,139.6,17055400
23/03/2017,139.5,13022800
24/03/2017,140.3,16664700
27/03/2017,140.3,12800500
28/03/2017,141.8,14679400
29/03/2017,142.6,16527600
30/03/2017,142.4,12404000
31/03/2017,142.1,11478300
03/04/2017,142.3,13564000
04/04/2017,141.7,12948600
05/04/2017,141.9,17158100
06/04/2017,141.2,15103400
07/04/2017,140.8,11818300
10/04/2017,141.0,9039400
11/04/2017,139.9,16638100
12/04/2017,139.6,11612500
13/04/2017,139.4,10965600
17/04/2017,141.4,11519700
18/04/2017,141.0,14807500
19/04/2017,142.3,15563900
20/04/2017,143.8,15968200
21/04/2017,143.7,12382000
24/04/2017,145.5,14407200
25/04/2017,146.5,17767500
26/04/2017,146.6,12395000
27/04/2017,147.7,11275100
28/04/2017,150.3,30652200
01/05/2017,152.5,25218300
02/05/2017,152.8,21870400
03/05/2017,151.8,29782500
04/05/2017,150.9,36225500
05/05/2017,150.2,17148500
08/05/2017,151.1,15827500
09/05/2017,150.5,17453900
10/05/2017,150.3,12080700
11/05/2017,150.0,11841900
12/05/2017,150.3,9598200
15/05/2017,150.2,15064700
16/05/2017,149.8,14550800
17/05/2017,144.9,28300100
18/05/2017,147.7,23031600
19/05/2017,148.1,16187900
22/05/2017,148.2,12586700
23/05/2017,148.1,12817800
24/05/2017,150.0,17862400
25/05/2017,152.0,19891400
26/05/2017,152.1,14996200
30/05/2017,152.4,13226000
31/05/2017,151.5,18023900
01/06/2017,151.5,14530600
02/06/2017,153.6,16854400
05/06/2017,153.6,12520400
06/06/2017,152.8,13457100
07/06/2017,153.1,12066700
08/06/2017,154.7,17799400
09/06/2017,149.6,35577700
12/06/2017,148.4,33170200
13/06/2017,150.7,20483400
14/06/2017,150.3,20808800
15/06/2017,149.8,18994200
16/06/2017,150.6,22882400
19/06/2017,152.9,19026500
20/06/2017,152.3,14743900
21/06/2017,153.9,15039800
22/06/2017,153.4,13005500
23/06/2017,155.1,18027000
26/06/2017,153.6,18049700
27/06/2017,150.6,19360800
28/06/2017,153.2,16719100
29/06/2017,151.0,23973500
30/06/2017,151.0,17666000
03/07/2017,148.4,13862700
05/07/2017,150.3,14334300
06/07/2017,148.8,14951800
07/07/2017,151.4,13615900
10/07/2017,153.5,13378700
11/07/2017,155.3,13667700
12/07/2017,158.9,22739400
13/07/2017,159.3,13929200
14/07/2017,160.0,16371200
17/07/2017,159.7,12858800
18/07/2017,162.9,23722900
19/07/2017,164.1,26273600
20/07/2017,164.5,18523100
21/07/2017,164.4,14744000
24/07/2017,166.0,17367000
25/07/2017,165.3,15383200
26/07/2017,165.6,35236900
27/07/2017,170.4,68910700
28/07/2017,172.4,24557600
31/07/2017,169.3,25478900
01/08/2017,169.9,14385000
02/08/2017,169.3,17433800
03/08/2017,168.6,10793800
04/08/2017,169.6,10777700
07/08/2017,172.0,12787800
08/08/2017,171.2,14393500
09/08/2017,171.2,10815000
10/08/2017,167.4,20832700
11/08/2017,168.1,13791200
14/08/2017,170.8,12954200
15/08/2017,171.0,8729200
16/08/2017,170.0,15779900
17/08/2017,166.9,17216000
18/08/2017,167.4,15093600
21/08/2017,167.8,11907500
22/08/2017,169.6,11391000
23/08/2017,168.7,9856500
24/08/2017,167.7,14030400
25/08/2017,166.3,12614500
28/08/2017,167.2,8553700
29/08/2017,168.1,11121000
30/08/2017,169.9,11138300
31/08/2017,172.0,17226500
01/09/2017,172.0,11677600
05/09/2017,170.7,13210900
06/09/2017,172.1,13906300
07/09/2017,173.2,18049500
08/09/2017,170.9,10998500
11/09/2017,173.5,12372000
12/09/2017,173.0,11186300
13/09/2017,173.1,9119300
14/09/2017,171.0,15615700
15/09/2017,171.6,15660500
18/09/2017,170.0,12954000
19/09/2017,172.5,13168600
20/09/2017,172.2,12264100
21/09/2017,171.1,11161400
22/09/2017,170.5,12097100
25/09/2017,162.9,41251600
26/09/2017,164.2,23363300
27/09/2017,167.7,19242500
28/09/2017,168.7,12178700
29/09/2017,170.9,15340400
02/10/2017,169.5,13392300
03/10/2017,170.0,8190300
04/10/2017,168.4,12127900
05/10/2017,171.2,14580600
06/10/2017,172.2,13124500
09/10/2017,172.5,14570400
10/10/2017,171.6,11341100
11/10/2017,172.7,11283700
12/10/2017,172.6,10351000
13/10/2017,173.7,13658300
16/10/2017,174.5,11498800
17/10/2017,176.1,15990100
18/10/2017,176.0,12752400
19/10/2017,174.6,14048400
20/10/2017,175.0,12602200
23/10/2017,171.3,13852700
24/10/2017,171.8,12267900
25/10/2017,170.6,15868200
26/10/2017,170.6,11833100
27/10/2017,177.9,30285300
30/10/2017,179.9,24353200
31/10/2017,180.1,20174200
01/11/2017,182.7,40918300
02/11/2017,178.9,35529900
03/11/2017,178.9,17822100
06/11/2017,180.2,13312700
07/11/2017,180.3,12928200
08/11/2017,179.6,10494100
09/11/2017,179.3,12610300
10/11/2017,178.5,11070200
13/11/2017,178.8,9523400
14/11/2017,178.1,9585900
15/11/2017,177.9,10253700
16/11/2017,179.6,15607600
17/11/2017,179.0,13018000
20/11/2017,178.7,10052400
21/11/2017,181.9,14504000
22/11/2017,180.9,10376300
24/11/2017,182.8,9426300
27/11/2017,183.0,12344500
28/11/2017,182.4,14379700
29/11/2017,175.1,41933500
30/11/2017,177.2,25307600
01/12/2017,175.1,20182500
04/12/2017,171.5,24459400
05/12/2017,172.8,20184900
06/12/2017,176.1,20255800
07/12/2017,180.1,20404500
08/12/2017,179.0,19883800
11/12/2017,179.0,13168600
12/12/2017,177.0,16854100
13/12/2017,178.3,14615700
14/12/2017,178.4,13591000
15/12/2017,180.2,28463100
18/12/2017,180.8,17265400
19/12/2017,179.5,14920600
20/12/2017,177.9,11860500
21/12/2017,177.4,11600700
22/12/2017,177.2,8509500
26/12/2017,176.0,8897300
27/12/2017,177.6,9496100
28/12/2017,177.9,12220800
29/12/2017,176.5,10261500
02/01/2018,181.4,18151900
03/01/2018,184.7,16886600
04/01/2018,184.3,13880900
05/01/2018,186.9,13574500
08/01/2018,188.3,17994700
09/01/2018,187.9,12393100
10/01/2018,187.8,10529900
11/01/2018,187.8,9588600
12/01/2018,179.4,77551300
16/01/2018,178.4,36183800
17/01/2018,177.6,27992400
18/01/2018,179.8,23304900
19/01/2018,181.3,26826500
22/01/2018,185.4,21059500
23/01/2018,189.4,25678800
24/01/2018,186.6,24334500
25/01/2018,187.5,17377700
26/01/2018,190.0,17759200
29/01/2018,186.0,20453200
30/01/2018,187.1,20858600
31/01/2018,186.9,43275100
01/02/2018,193.1,54211300
02/02/2018,190.3,26677500
05/02/2018,181.3,33128200
06/02/2018,185.3,37758500
07/02/2018,180.2,27601900
08/02/2018,171.6,38478300
09/02/2018,176.1,39887600
12/02/2018,176.4,32092100
13/02/2018,173.1,21809400
14/02/2018,179.5,28929700
15/02/2018,180.0,20922100
16/02/2018,177.4,20645300
20/02/2018,176.0,21204900
21/02/2018,177.9,23200800
22/02/2018,179.0,18464200
23/02/2018,183.3,19007300
26/02/2018,184.9,17599700
27/02/2018,181.5,15849800
28/02/2018,178.3,18783000
01/03/2018,175.9,23201600
02/03/2018,176.6,20025900
05/03/2018,180.4,16189300
06/03/2018,179.8,15086800
07/03/2018,183.7,19097300
08/03/2018,182.3,17225900
09/03/2018,185.2,18526300
12/03/2018,184.8,15301200
13/03/2018,181.9,18067500
14/03/2018,184.2,16821700
15/03/2018,183.9,15614300
16/03/2018,185.1,24403400
19/03/2018,172.6,88140100
20/03/2018,168.1,129851800
21/03/2018,169.4,106598800
22/03/2018,164.9,73743000
23/03/2018,159.4,53609700
26/03/2018,160.1,126116600
27/03/2018,152.2,79117000
28/03/2018,153.0,60029200
29/03/2018,159.8,59434300
02/04/2018,155.4,36796000
03/04/2018,156.1,42543900
04/04/2018,155.1,49885600
05/04/2018,159.3,41449600
06/04/2018,157.2,41644800
09/04/2018,157.9,34915200
10/04/2018,165.0,57889300
11/04/2018,166.3,56144600
12/04/2018,163.9,38263000
13/04/2018,164.5,19990600
16/04/2018,164.8,18119400
17/04/2018,168.7,22743000
18/04/2018,166.4,20969600
19/04/2018,168.1,22235000
20/04/2018,166.3,19119400
23/04/2018,165.8,23088100
24/04/2018,159.7,35079900
25/04/2018,159.7,41083600
26/04/2018,174.2,77556900
27/04/2018,173.6,29804700
30/04/2018,172.0,20750500
01/05/2018,173.9,26025900
02/05/2018,176.1,30424500
03/05/2018,174.0,24026100
04/05/2018,176.6,17677800
07/05/2018,178.0,18697200
08/05/2018,178.9,15577200
09/05/2018,182.7,23282800
10/05/2018,185.5,21071400
11/05/2018,187.0,21207800
14/05/2018,186.6,15646700
15/05/2018,184.3,15429400
16/05/2018,183.2,16975500
17/05/2018,183.8,14840700
18/05/2018,182.7,13130500
21/05/2018,184.5,13532900
22/05/2018,183.8,12731400
23/05/2018,186.9,16628100
24/05/2018,185.9,12354700
25/05/2018,184.9,10965100
29/05/2018,185.7,16398900
30/05/2018,187.7,13736900
31/05/2018,191.8,30782600
01/06/2018,194.0,17307200
04/06/2018,193.3,18939800
05/06/2018,192.9,15544300
06/06/2018,191.3,22558900
07/06/2018,188.2,21503200
08/06/2018,189.1,12677100
11/06/2018,191.5,12928900
12/06/2018,192.4,11562700
13/06/2018,192.4,15853800
14/06/2018,196.8,19120900
15/06/2018,195.9,21860900
18/06/2018,198.3,16826000
19/06/2018,197.5,19994000
20/06/2018,202.0,28230900
21/06/2018,201.5,19045700
22/06/2018,201.7,17420200
25/06/2018,196.4,25275100
26/06/2018,199.0,17897600
27/06/2018,195.8,18734400
28/06/2018,196.2,18172400
29/06/2018,194.3,15811600
02/07/2018,197.4,13961600
03/07/2018,192.7,13489500
05/07/2018,198.4,19684200
06/07/2018,203.2,19740100
09/07/2018,204.7,18149400
10/07/2018,203.5,13190100
11/07/2018,202.5,12927400
12/07/2018,206.9,15454700
13/07/2018,207.3,11486800
16/07/2018,207.2,11078200
17/07/2018,210.0,15349900
18/07/2018,209.4,15334900
19/07/2018,208.1,11350400
20/07/2018,209.9,16163900
23/07/2018,210.9,16732000
24/07/2018,214.7,28468700
25/07/2018,217.5,58954200
26/07/2018,176.3,169803700
27/07/2018,174.9,60073700
30/07/2018,171.1,65280800
31/07/2018,172.6,40356500
01/08/2018,171.6,34042100
02/08/2018,176.4,32400000
03/08/2018,177.8,24763400
06/08/2018,185.7,49716200
07/08/2018,183.8,33398600
08/08/2018,185.2,22205200
09/08/2018,183.1,19732100
10/08/2018,180.3,21500400
13/08/2018,180.1,17423300
14/08/2018,181.1,19102000
15/08/2018,179.5,33020200
16/08/2018,174.7,31351800
17/08/2018,173.8,24893200
20/08/2018,172.5,21518000
21/08/2018,172.6,19578500
22/08/2018,173.6,16894100
23/08/2018,172.9,18053600
24/08/2018,174.6,14631600
27/08/2018,177.5,17921900
28/08/2018,176.3,15910700
29/08/2018,175.9,18494100
30/08/2018,177.6,24216500
31/08/2018,175.7,18065200
04/09/2018,171.2,29809000
05/09/2018,167.2,31226700
06/09/2018,162.5,41514800
07/09/2018,163.0,24300600
10/09/2018,164.2,20197700
11/09/2018,165.9,20457100
12/09/2018,162.0,24078100
13/09/2018,161.4,25453800
14/09/2018,162.3,21770400
17/09/2018,160.6,21005300
18/09/2018,160.3,22465200
19/09/2018,163.1,19629000
20/09/2018,166.0,18936000
21/09/2018,162.9,45994800
24/09/2018,165.4,19222800
25/09/2018,164.9,27622800
26/09/2018,166.9,25252200
27/09/2018,168.8,27266900
28/09/2018,164.5,34265600
01/10/2018,162.4,26407700
02/10/2018,159.3,36031000
03/10/2018,162.4,23109500
04/10/2018,158.9,25739600
05/10/2018,157.3,25744000
08/10/2018,157.3,24046000
09/10/2018,157.9,18844400
10/10/2018,151.4,30610000
11/10/2018,153.4,35338900
12/10/2018,153.7,25293500
15/10/2018,153.5,15433500
16/10/2018,158.8,19180100
17/10/2018,159.4,17592000
18/10/2018,154.9,21675100
19/10/2018,154.1,19761300
22/10/2018,154.8,15424700
23/10/2018,154.4,19095000
24/10/2018,146.0,27744600
25/10/2018,150.9,22105700
26/10/2018,145.4,31303300
29/10/2018,142.1,31336800
30/10/2018,146.2,50528300
31/10/2018,151.8,60101300
01/11/2018,151.8,25640800
02/11/2018,150.4,24708700
05/11/2018,148.7,15971200
06/11/2018,149.9,16667100
07/11/2018,151.5,21877400
08/11/2018,147.9,24145800
09/11/2018,145.0,17326900
12/11/2018,141.6,18542100
13/11/2018,142.2,15141700
14/11/2018,144.2,22068400
15/11/2018,143.9,30320300
16/11/2018,139.5,37250600
19/11/2018,131.6,44362700
20/11/2018,132.4,41939500
21/11/2018,134.8,25469700
23/11/2018,131.7,11886100
26/11/2018,136.4,24263600
27/11/2018,135.0,20750300
28/11/2018,136.8,29847500
29/11/2018,138.7,24238700
30/11/2018,140.6,25732600
03/12/2018,141.1,24819200
04/12/2018,137.9,30307400
06/12/2018,139.6,28218100
07/12/2018,137.4,21195500
10/12/2018,141.9,26422200
11/12/2018,142.1,20300300
12/12/2018,144.5,23696900
13/12/2018,145.0,18148600
14/12/2018,144.1,21785800
17/12/2018,140.2,24334000
18/12/2018,143.7,24709100
19/12/2018,133.2,57404900
20/12/2018,133.4,40297900
21/12/2018,124.9,56901500
24/12/2018,124.1,22066000
26/12/2018,134.2,39723400
27/12/2018,134.5,31202500
28/12/2018,133.2,22627600
31/12/2018,131.1,24625300
02/01/2019,135.7,28146200
03/01/2019,131.7,22717900
04/01/2019,137.9,29002100
07/01/2019,138.1,20089300
08/01/2019,142.5,26263800
09/01/2019,144.2,22205900
10/01/2019,144.2,16125000
11/01/2019,143.8,12908000
14/01/2019,145.4,20520300
15/01/2019,148.9,24069000
16/01/2019,147.5,18025700
17/01/2019,148.3,15787900
18/01/2019,150.0,31029600
22/01/2019,147.6,22378700
23/01/2019,144.3,20098400
24/01/2019,145.8,20955500
25/01/2019,149.0,22237200
28/01/2019,147.5,15508500
29/01/2019,144.2,17632100
30/01/2019,150.4,44613200
31/01/2019,166.7,77233600
01/02/2019,165.7,30806500
04/02/2019,169.3,20036000
05/02/2019,171.2,22557000
06/02/2019,170.5,13281200
07/02/2019,166.4,17517600
08/02/2019,167.3,12561400
11/02/2019,165.8,12811200
12/02/2019,165.0,16292300
13/02/2019,164.1,14205100
14/02/2019,163.9,12755200
15/02/2019,162.5,15504400
19/02/2019,162.3,14345400
20/02/2019,162.6,11770700
21/02/2019,160.0,15607800
22/02/2019,161.9,15858500
25/02/2019,164.6,18737100
26/02/2019,164.1,13784100
27/02/2019,162.8,12697500
28/02/2019,161.4,11114200
01/03/2019,162.3,11097800
04/03/2019,167.4,18894700
05/03/2019,171.3,28187900
06/03/2019,172.5,21531700
07/03/2019,169.1,18306500
08/03/2019,169.6,13184800
11/03/2019,172.1,18884000
12/03/2019,171.9,12155300
13/03/2019,173.4,11973300
14/03/2019,170.2,18037400
15/03/2019,166.0,37135400
18/03/2019,160.5,37524200
19/03/2019,161.6,25611500
20/03/2019,165.4,20211500
21/03/2019,166.1,16223000
22/03/2019,164.3,16389200
25/03/2019,166.3,12631200
26/03/2019,167.7,15437900
27/03/2019,165.9,10620300
28/03/2019,165.6,10443000
29/03/2019,166.7,13455500
01/04/2019,168.7,10381500
02/04/2019,174.2,23946500
03/04/2019,173.5,27391100
04/04/2019,176.0,17847700
05/04/2019,175.7,9594100
08/04/2019,174.9,7297400
09/04/2019,177.6,19751000
10/04/2019,177.8,11701500
11/04/2019,177.5,8071000
12/04/2019,179.1,12329800
15/04/2019,179.6,10834800
16/04/2019,178.9,11215200
17/04/2019,178.8,9973700
18/04/2019,178.3,11655600
22/04/2019,181.4,13389900
23/04/2019,183.8,19954800
24/04/2019,182.6,37289900
25/04/2019,193.3,54148800
26/04/2019,191.5,22075000
29/04/2019,194.8,19641300
30/04/2019,193.4,23494700
01/05/2019,193.0,15996600
02/05/2019,192.5,13209500
03/05/2019,195.5,14575400
06/05/2019,193.9,13994900
07/05/2019,189.8,16253000
08/05/2019,189.5,12505700
09/05/2019,188.6,12967000
10/05/2019,188.3,12578500
13/05/2019,181.5,16833300
14/05/2019,180.7,17628100
15/05/2019,186.3,16746900
16/05/2019,187.0,12953100
17/05/2019,185.3,10485400
20/05/2019,182.7,10352000
21/05/2019,184.8,7502800
22/05/2019,185.3,9213800
23/05/2019,180.9,12768800
24/05/2019,181.1,8807700
28/05/2019,184.3,14843300
29/05/2019,182.2,12797700
30/05/2019,183.0,8581500
31/05/2019,177.5,15226500
03/06/2019,164.1,56059600
04/06/2019,167.5,46044300
05/06/2019,168.2,19758300
06/06/2019,168.3,12446400
07/06/2019,173.4,16917300
10/06/2019,174.8,14767900
11/06/2019,178.1,15266600
12/06/2019,175.0,17699800
13/06/2019,177.5,12253600
14/06/2019,181.3,16773700
17/06/2019,189.0,29459900
18/06/2019,188.5,37571400
19/06/2019,187.5,21417100
20/06/2019,189.5,14635700
21/06/2019,191.1,22751200
24/06/2019,192.6,15509000
25/06/2019,188.8,16750300
26/06/2019,187.7,12808600
27/06/2019,189.5,11159000
28/06/2019,193.0,16378900
01/07/2019,193.0,14204700
02/07/2019,195.0,9050000
03/07/2019,197.2,10246100
05/07/2019,196.4,11164100
08/07/2019,195.8,9723900
09/07/2019,199.2,14698600
10/07/2019,202.7,20571700
11/07/2019,201.2,13678500
12/07/2019,204.9,15366300
15/07/2019,203.9,16030300
16/07/2019,203.8,12132700
17/07/2019,201.8,12083700
18/07/2019,200.8,11956600
19/07/2019,198.4,12098300
22/07/2019,202.3,13589000
23/07/2019,202.4,14583700
24/07/2019,204.7,32532500
25/07/2019,200.7,39889900
26/07/2019,199.8,24434000
29/07/2019,195.9,16530800
30/07/2019,197.0,11903600
31/07/2019,194.2,14593500
01/08/2019,192.7,17777000
02/08/2019,189.0,15297000
05/08/2019,181.7,23086700
06/08/2019,184.5,18035700
07/08/2019,185.1,15833200
08/08/2019,190.2,14828900
09/08/2019,187.9,11058800
12/08/2019,185.4,10936300
13/08/2019,188.4,13577000
14/08/2019,179.7,18903700
15/08/2019,182.6,12925900
16/08/2019,183.7,12654600
19/08/2019,186.2,9691200
20/08/2019,183.8,10083400
21/08/2019,183.6,8398200
22/08/2019,182.0,10821400
23/08/2019,177.8,17323400
26/08/2019,180.4,8773600
27/08/2019,181.3,14399600
28/08/2019,181.8,9386100
29/08/2019,185.6,10128700
30/08/2019,185.7,10774500
03/09/2019,182.4,9779400
04/09/2019,187.1,11308000
05/09/2019,190.9,13876700
06/09/2019,187.5,15226800
09/09/2019,188.8,14722400
10/09/2019,186.2,15455900
11/09/2019,188.5,11761700
12/09/2019,187.5,11419800
13/09/2019,187.2,11441100
16/09/2019,186.2,8444800
17/09/2019,188.1,9671100
18/09/2019,188.1,9681900
19/09/2019,190.1,10392700
20/09/2019,189.9,19934200
23/09/2019,186.8,13327600
24/09/2019,181.3,18546600
25/09/2019,182.8,18068300
26/09/2019,180.1,16083300
27/09/2019,177.1,14656200
30/09/2019,178.1,10740000
01/10/2019,175.8,17073000
02/10/2019,174.6,16151700
03/10/2019,179.4,16086300
04/10/2019,180.4,10430200
07/10/2019,179.7,9178300
08/10/2019,177.8,9466900
09/10/2019,179.9,7556900
10/10/2019,180.0,8605000
11/10/2019,184.2,14930500
